Ivana;Rutebeson;0114/6522864;ivana.rutebeson84@test.de
Friedlinde;Möwibi;0462553/3382115;friedlinde.moewibi74@gmail.com
Andrzej;Rütudison;07354/56317;andrzej.ruetudison64@gmail.de
Irmhild;Bowofledemeiner;0166631/686589969;irmhild.bowofledemeiner66@email.com
Ingeburg;Dudulatemeiner;0514476/7165275;ingeburg.dudulatemeiner62@t-online.de
Ilona;Huber;0465525/3771882;ilona.huber87@gmail.de
Caroline;Schmid;0797148/57798;caroline.schmid58@yahoo.de
Roger;Vätuhedeweiner;057532/525312134;idapa60@gmx.de
Freia;Cetomauson;0578376/774676;odape89@surfnet.de
Fatih;Nöliwatteweiner;0433/35486328;fatih.noeliwatteweiner68@outloock.de
Hedwig;Livufarehein;07489/725479;iluka74@test.de
Guntram;Hasoschatthein;093737/632583942;guntram.hasoschatthein91@email.com
Herma;Kedofledemüller;03273/595437;herma.kedofledemueller82@gmail.com
Heiko;Savofumüller;018385/52834372;adepe91@gmail.com
Eleonora;Netabeweiner;05682/43483522;esitu61@t-online.de
Leonid;Vütowedemeiner;0281/42141;leonid.vuetowedemeiner60@gmx.de
Dietlind;Girogatestein;0528533/752347216;dietlind.girogatestein94@gmail.de
Christa;Bidodason;0547747/91353;isotu54@outloock.de
Linus;Kilebihein;0434296/171835798;linus.kilebihein99@surfnet.de
Hans;Julobedehein;032175/575144;orili62@t-online.de
Urban;Kürebuson;0273/17671414;etazi63@outloock.de
Hans-Adolf;Navivoreweiner;0822577/1333396;ewefi78@outloock.de
Kuno;Becker;0891/7954366;kuno.becker68@surfnet.de
Sönke;Schmidt;07641/94859691;evore57@outloock.de
Ismail;Hofmann;09591/3953117;ismail.hofmann79@gmx.de
Lene;Hötohedehein;03643/1615895;lene.hoetohedehein55@gmx.de
Florian;Filohedemeiner;0593777/616893;florian.filohedemeiner78@yahoo.de
Sibel;Saveferehein;0711782/484724;sibel.saveferehein84@test.de
Ildiko;Feluwede;0613/6393648;ildiko.feluwede95@gmail.de
Ingeborg;Catafostein;0664336/52425369;ingeborg.catafostein85@test.de
Frank-Michael;Cisibimüller;024729/74955955;frank-michael.cisibimueller91@outloock.de
Ludmilla;Vewehedehein;0292/25588;asito86@gmail.com
Hilda;Meyer;0976531/578997552;utemo56@email.com
Heinz-Dieter;Katoduson;02692/458385;heinz-dieter.katoduson64@t-online.de
Klaus;Tedemau;0775448/7692451;utuzo57@email.com
Corinna;Förofu;089296/51353863;idepe77@gmail.com
Paul-Gerhard;Zutasege;065363/58852337;ewafo88@email.com
Robby;Hutodastein;06332/119694;ituza55@gmail.de
Oxana;Kewubede;05532/469219;oxana.kewubede58@yahoo.de
Bernadette;Husegate;059763/8957622;awofi85@email.com
Franziska;Jütoschattmeiner;044446/81629975;uvere82@test.de
Francis;Fischer;027218/3569586;ilaki61@t-online.de
Selim;Zadahedehein;058695/736423397;selim.zadahedehein66@surfnet.de
Thekla;Malihedemeiner;05434/7138493;thekla.malihedemeiner63@t-online.de
Sophia;Schmid;0354352/71434185;overe78@yahoo.de
Sarah;Milivorehein;04338/55315;uwifa99@gmail.de
Bert;Rolosedemüller;0793974/9328379;bert.rolosedemueller87@yahoo.de
Lore;Povesedemeiner;0371648/831727793;lore.povesedemeiner54@email.com
Pascal;Hofmann;064229/993572;pascal.hofmann86@gmail.de
Gülsen;Kasigrade;0939911/572126;erelu70@outloock.de
Fridolin;Petiwademüller;0236/92824;fridolin.petiwademueller70@test.de
Fabienne;Madodustein;05964/664174621;fabienne.madodustein96@outloock.de
Vadim;Gavofledeweiner;032443/732619;vadim.gavofledeweiner92@t-online.de
Ingelore;Vawefimüller;047211/13882181;ingelore.vawefimueller89@gmx.de
Dietlinde;Schmitz;0584/727698993;dietlinde.schmitz94@yahoo.de
Ursel;Huber;0749/2976654;ursel.huber62@gmail.de
David;Vudavaremeiner;08136/238519;oteza83@gmail.de
Benedikt;Bälifomeiner;07834/578927524;arala95@gmail.de
Roswita;Cuvelodestein;0749/51133;elika90@outloock.de
Walfried;Sidugede;01224/67612;urila56@gmail.de
Benedikt;Moriplaustein;048725/89965448;itemi85@gmx.de
Urs;Zulalatestein;0138/11475364;urs.zulalatestein61@yahoo.de
Ramona;Hidufuweiner;0827/154687;uwofi65@gmail.de
Asta;Schmidt;026577/31283447;uleko69@email.com
Ernestine;Lüsosedemüller;0841844/533346;ernestine.luesosedemueller78@yahoo.de
Heinz-Werner;Vetiwedehein;048441/45189;idepe90@t-online.de
Charlotte;Ziliflodemeiner;019685/155911974;awafa84@gmx.de
Pietro;Lange;067976/671641866;otizu59@gmail.de
Pawel;Josahedeweiner;061515/9225151;atuzo54@gmail.de
Paul;Dusuflede;01698/41535754;paul.dusuflede88@email.com
Emine;Virufareson;0692/77583;emine.virufareson81@surfnet.de
Anne-Katrin;Jasubuson;0983/675622;edapu63@outloock.de
Emmy;Klein;024953/57663;emmy.klein65@email.com
Ernestine;Poruhede;059299/95139511;ernestine.poruhede72@gmail.com
Friedo;Cuwufostein;0894553/5137351;eseta84@gmail.de
Leonie;Wesidi;03414/771236;etemu94@t-online.de
Cosimo;Fischer;05522/33768833;otimu69@gmx.de
Marie-Therese;Kurugradehein;07441/54656842;atama66@gmail.de
Giuseppina;Kaiser;0268/11627;giuseppina.kaiser72@yahoo.de
Bert;Filogradeweiner;0124/186854941;bert.filogradeweiner93@t-online.de
Edeltraut;Zotudison;045363/4437543;edeltraut.zotudison84@t-online.de
Darko;Ketuhedestein;067859/4359638;utuzo62@email.com
Goran;Duribede;05613/18995211;edopu55@outloock.de
Manuel;Neladuhein;0498/796792;manuel.neladuhein85@test.de
Christl;Guwomatthein;065567/3587849;atuze68@surfnet.de
Udo;Jätiferemeiner;035276/5287635;awifi74@t-online.de
Gudula;Hotido;05265/27272411;gudula.hotido59@surfnet.de
Magdalena;Dosuwedehein;0437747/55122293;etomi63@email.com
Stanislaus;Neumann;0921/5429368;eluko90@outloock.de
Wulf;Müller;0274876/922589536;wulf.mueller61@email.com
Alena;Tuvamauson;0893/764689835;alena.tuvamauson61@outloock.de
Severin;Lulefumüller;0614331/616754;utazi70@gmail.com
Renato;Hivolaumüller;0258259/84779;asoto72@gmx.de
Irmtraud;Bavulodemüller;03312/15542634;irmtraud.bavulodemueller60@email.com
Ekkehard;Veridumüller;0216/435357;ekkehard.veridumueller80@outloock.de
Juri;Tiwogrodeweiner;064254/49915843;etomo79@gmail.de
Britt;Nosobodomüller;0695658/531549448;britt.nosobodomueller91@outloock.de
Reiner;Schulze;052441/897231238;owife81@test.de
Michelle;Vesiplauhein;082825/237518;michelle.vesiplauhein57@surfnet.de
Lioba;Lowebu;0594/74587;ovare77@t-online.de
